0,1,2,3,4,5,6,7,8
-1.362485376291479,-0.695926821988933,-0.5166403906326746,-0.5348273019503881,-0.4939223526538788,-0.8076181366234801,0.29346693097877335,0.5082031870432816,1.1515110373539077
-1.362485376291479,-0.695926821988933,-0.5166403906326746,-0.34455940043164224,-0.4939223526538788,-0.7972536090413817,0.29346693097877335,-2.0736733059253485,1.1515110373539077
0.7151506952480162,0.10043086565205311,-0.5166403906326746,-0.41907362046828595,-0.14452425803287383,-0.33084986784695386,0.29346693097877335,-2.0736733059253485,-0.10434404221977155
0.7151506952480162,2.489503928575011,-0.5166403906326746,0.16801347659002094,-0.4939223526538788,-0.030278567966100397,0.29346693097877335,0.5082031870432816,-0.10434404221977155
0.7151506952480162,-0.695926821988933,-0.5166403906326746,-0.6422622937846939,-0.13087589496174082,-0.5485049470710202,-1.7576261096131762,-2.0736733059253485,1.1515110373539077
0.7151506952480162,-0.695926821988933,-0.5166403906326746,10.24442454762604,-0.4939223526538788,3.493660809947354,-2.381871817619422,0.5082031870432816,1.1515110373539077
0.7151506952480162,0.10043086565205311,-0.5166403906326746,1.0696178396937337,-0.4939223526538788,1.3792971831992815,0.29346693097877335,-2.0736733059253485,1.1515110373539077
0.7151506952480162,2.489503928575011,1.9355823085674853,-0.09305178363337449,-0.4939223526538788,-0.25829817477226513,0.29346693097877335,-0.7827350594410336,-0.10434404221977155
0.7151506952480162,-0.695926821988933,-0.5166403906326746,-0.5727038888573756,-0.4939223526538788,-0.9630860503549561,0.29346693097877335,-2.0736733059253485,1.1515110373539077
0.7151506952480162,2.489503928575011,1.9355823085674853,-0.5992528983716192,-0.28810503754119304,-0.6106921125636106,2.0770260967109033,0.5082031870432816,-0.10434404221977155
0.7151506952480162,-0.695926821988933,-0.5166403906326746,-0.4289852506869369,-0.09566311823821767,-0.6003275849815122,0.29346693097877335,0.5082031870432816,1.1515110373539077
0.7151506952480162,-0.695926821988933,-0.5166403906326746,0.05119783472734909,-0.4939223526538788,1.0579968281542311,0.29346693097877335,0.5082031870432816,1.1515110373539077
0.7151506952480162,-0.695926821988933,-0.5166403906326746,0.1404025066952076,-0.4939223526538788,-0.25829817477226513,0.29346693097877335,0.5082031870432816,-0.10434404221977155
0.7151506952480162,0.10043086565205311,1.9355823085674853,-0.5215527971932663,0.04737172674725623,-0.13392384378708436,-2.381871817619422,0.5082031870432816,1.1515110373539077
0.7151506952480162,0.10043086565205311,1.9355823085674853,0.20376614273586902,-0.4939223526538788,-0.16501742653337956,-2.381871817619422,0.5082031870432816,1.1515110373539077
-1.362485376291479,0.10043086565205311,1.9355823085674853,-0.28137275778774246,-0.4939223526538788,-0.9423569951907592,0.29346693097877335,0.5082031870432816,-0.10434404221977155
0.7151506952480162,2.489503928575011,-0.5166403906326746,0.40412266787002743,-0.4939223526538788,-0.25829817477226513,-2.381871817619422,0.5082031870432816,1.1515110373539077
0.7151506952480162,-0.695926821988933,1.9355823085674853,-0.24013329634228406,-0.4939223526538788,-0.2997562851006587,0.29346693097877335,0.5082031870432816,-1.3601991217934508
-1.362485376291479,-0.695926821988933,-0.5166403906326746,-0.5698719945091896,-0.4939223526538788,-0.9319924676086608,2.0770260967109033,-2.0736733059253485,-0.10434404221977155
0.7151506952480162,-0.695926821988933,-0.5166403906326746,0.005533538362850091,-0.4939223526538788,-0.2893917575185603,0.29346693097877335,0.5082031870432816,-1.3601991217934508
0.7151506952480162,0.8967885532930392,-0.5166403906326746,-0.6063326342420842,-0.04843978201209747,-0.413766088503741,2.0770260967109033,0.5082031870432816,-0.10434404221977155
-1.362485376291479,-0.695926821988933,-0.5166403906326746,0.30270545152561684,-0.4939223526538788,-0.25829817477226513,0.29346693097877335,0.5082031870432816,1.1515110373539077
0.7151506952480162,-0.695926821988933,-0.5166403906326746,-0.15464548570641964,-0.4939223526538788,-0.7143373883845945,0.29346693097877335,0.5082031870432816,-1.3601991217934508
-1.362485376291479,-0.695926821988933,-0.5166403906326746,-0.4525253724562329,-0.4939223526538788,-0.8490762469518737,0.29346693097877335,0.5082031870432816,-1.3601991217934508
0.7151506952480162,-0.695926821988933,-0.5166403906326746,-0.15464548570641964,-0.4939223526538788,-0.42413061608583946,0.29346693097877335,0.5082031870432816,-1.3601991217934508
0.7151506952480162,0.8967885532930392,-0.5166403906326746,1.115105142661471,-0.4939223526538788,0.3532089525715403,-2.381871817619422,0.5082031870432816,1.1515110373539077
0.7151506952480162,-0.695926821988933,-0.5166403906326746,-0.939257213550699,-0.0025812820930905677,-0.18574648169757635,0.29346693097877335,0.5082031870432816,-1.3601991217934508
0.7151506952480162,0.8967885532930392,-0.5166403906326746,-0.25623969544759184,-0.025237564791171358,-0.3826725057574459,0.29346693097877335,0.5082031870432816,-0.10434404221977155
0.7151506952480162,-0.695926821988933,-0.5166403906326746,0.1550929586264224,0.7570866064461726,1.0994549384826249,0.29346693097877335,-0.7827350594410336,-0.10434404221977155
0.7151506952480162,-0.695926821988933,-0.5166403906326746,-0.6015538125295203,0.08858978322207792,-0.672879278056201,0.29346693097877335,0.5082031870432816,1.1515110373539077
-1.362485376291479,-0.695926821988933,-0.5166403906326746,1.1581145380745457,-0.4939223526538788,0.11482481818327715,0.29346693097877335,0.5082031870432816,-0.10434404221977155
0.7151506952480162,0.8967885532930392,-0.5166403906326746,2.131578220263478,-0.4939223526538788,2.560853327558499,0.29346693097877335,0.5082031870432816,-1.3601991217934508
0.7151506952480162,0.8967885532930392,-0.5166403906326746,-0.3746482778811183,-0.02714833562112998,-0.030278567966100397,0.29346693097877335,-2.0736733059253485,-1.3601991217934508
0.7151506952480162,-0.695926821988933,-0.5166403906326746,-0.32420515980405545,-0.4939223526538788,-0.46558872641423305,0.29346693097877335,0.5082031870432816,-0.10434404221977155
-1.362485376291479,-0.695926821988933,-0.5166403906326746,1.8234327165014905,-0.4939223526538788,-1.0149086882654481,0.29346693097877335,0.5082031870432816,-0.10434404221977155
-1.362485376291479,-0.695926821988933,-0.5166403906326746,-0.40526813552087926,-0.4939223526538788,-0.8179826642055785,0.29346693097877335,0.5082031870432816,1.1515110373539077
-1.362485376291479,0.10043086565205311,-0.5166403906326746,-0.4567732139785119,-0.068093424834529,-0.6521502228920042,0.29346693097877335,0.5082031870432816,1.1515110373539077
0.7151506952480162,2.489503928575011,-0.5166403906326746,-0.03659089006641643,-0.4939223526538788,-0.6106921125636106,0.29346693097877335,0.5082031870432816,1.1515110373539077
0.7151506952480162,0.8967885532930392,-0.5166403906326746,-0.07340551659283423,0.07466845288952224,0.33247989740734346,0.29346693097877335,0.5082031870432816,-1.3601991217934508
-1.362485376291479,0.10043086565205311,1.9355823085674853,-0.47571150743200563,-0.07300683554013689,0.3843025353178354,0.29346693097877335,0.5082031870432816,-0.10434404221977155
-1.362485376291479,-0.695926821988933,-0.5166403906326746,0.2642978844283444,-0.4939223526538788,0.2288346215863595,-2.381871817619422,0.5082031870432816,-0.10434404221977155
0.7151506952480162,0.8967885532930392,-0.5166403906326746,-0.3994273534277457,-0.3028452696580167,-0.859440774533972,0.29346693097877335,0.5082031870432816,1.1515110373539077
0.7151506952480162,-0.695926821988933,-0.5166403906326746,-0.5233227311608825,0.08422230703931535,-0.5070468367426266,0.29346693097877335,0.5082031870432816,-0.10434404221977155
0.7151506952480162,0.10043086565205311,-0.5166403906326746,0.0881894546505285,1.0415184928485846,1.679868483080135,0.29346693097877335,0.5082031870432816,1.1515110373539077
-1.362485376291479,0.10043086565205311,1.9355823085674853,-0.2484519859900804,0.16829622355749466,0.05263765269068677,0.29346693097877335,-2.0736733059253485,1.1515110373539077
0.7151506952480162,0.8967885532930392,-0.5166403906326746,-0.44420668280843656,-0.05635583259335461,-0.21165780065282233,0.29346693097877335,0.5082031870432816,1.1515110373539077
-1.362485376291479,-0.695926821988933,-0.5166403906326746,-0.30208098520885246,0.8026721391037569,0.2391991491684579,0.29346693097877335,0.5082031870432816,1.1515110373539077
0.7151506952480162,2.489503928575011,-0.5166403906326746,-0.2080974915284301,-0.4939223526538788,-0.5485049470710202,0.29346693097877335,0.5082031870432816,1.1515110373539077
0.7151506952480162,0.10043086565205311,-0.5166403906326746,0.0019936704276176105,-0.21222013886569355,-1.3154799881463015,0.29346693097877335,0.5082031870432816,-0.10434404221977155
0.7151506952480162,-0.695926821988933,1.9355823085674853,-0.6705812372665537,0.5679202942802691,0.4983123387209178,0.29346693097877335,-2.0736733059253485,-0.10434404221977155
0.7151506952480162,-0.695926821988933,-0.5166403906326746,-0.5971289776104797,0.6206029757348426,0.07336670785488356,0.29346693097877335,0.5082031870432816,-0.10434404221977155
-1.362485376291479,-0.695926821988933,-0.5166403906326746,-0.3916396439702342,-0.4939223526538788,-0.7557954987129881,0.29346693097877335,0.5082031870432816,1.1515110373539077
0.7151506952480162,-0.695926821988933,1.9355823085674853,-0.3422584862737411,0.3877619017413134,-0.009549512801903606,0.29346693097877335,-2.0736733059253485,-1.3601991217934508
0.7151506952480162,-0.695926821988933,-0.5166403906326746,-0.5263316189058301,0.17921491401440107,-0.6521502228920042,-2.381871817619422,-2.0736733059253485,-1.3601991217934508
-1.362485376291479,0.8967885532930392,-0.5166403906326746,-0.33801064475146214,-0.4939223526538788,-0.7557954987129881,0.29346693097877335,-2.0736733059253485,-1.3601991217934508
-1.362485376291479,0.10043086565205311,-0.5166403906326746,-0.12986641015979228,-0.4939223526538788,-0.7454309711308897,0.29346693097877335,0.5082031870432816,-0.10434404221977155
0.7151506952480162,-0.695926821988933,-0.5166403906326746,-0.5888102879626834,1.3256774119895736,-0.859440774533972,-2.381871817619422,0.5082031870432816,-0.10434404221977155
0.7151506952480162,2.489503928575011,-0.5166403906326746,-0.18420338296561087,-0.15271327587555364,-0.4448596712500362,0.29346693097877335,0.5082031870432816,1.1515110373539077
-1.362485376291479,-0.695926821988933,-0.5166403906326746,-0.22845173215601688,1.4741716022035007,0.3221153698252451,0.29346693097877335,0.5082031870432816,1.1515110373539077
-1.362485376291479,0.10043086565205311,-0.5166403906326746,-0.3390726051320319,-0.4939223526538788,-0.42413061608583946,0.29346693097877335,0.5082031870432816,-0.10434404221977155
-1.362485376291479,-0.695926821988933,1.9355823085674853,-0.4781894149866684,-0.4939223526538788,-0.9112634124444641,-0.5983126518872917,0.5082031870432816,-1.3601991217934508
0.7151506952480162,0.8967885532930392,-0.5166403906326746,-0.5233227311608825,0.008337408363815838,-0.4552241988321346,0.29346693097877335,0.5082031870432816,1.1515110373539077
0.7151506952480162,-0.695926821988933,1.9355823085674853,-0.5056233914847201,0.027718083924824704,-0.3826725057574459,0.29346693097877335,-2.0736733059253485,-0.10434404221977155
-1.362485376291479,-0.695926821988933,-0.5166403906326746,-0.13747712622054212,0.07576032193521288,-0.4500419350410854,0.29346693097877335,0.5082031870432816,-0.10434404221977155
0.7151506952480162,-0.695926821988933,-0.5166403906326746,0.4326186047486489,0.006426637533857216,0.2806572594968515,0.29346693097877335,0.5082031870432816,-1.3601991217934508
-1.362485376291479,-0.695926821988933,-0.5166403906326746,0.6565152516521032,-0.4939223526538788,0.9439870247511488,0.29346693097877335,0.5082031870432816,1.1515110373539077
0.7151506952480162,0.8967885532930392,-0.5166403906326746,-0.5585444171164456,-0.224831229673621,-0.7765245538771849,-2.381871817619422,0.5082031870432816,1.1515110373539077
-1.362485376291479,0.8967885532930392,-0.5166403906326746,-0.09446773080746748,-0.4939223526538788,0.13555387334747393,0.29346693097877335,-2.0736733059253485,-0.10434404221977155
0.7151506952480162,-0.695926821988933,-0.5166403906326746,0.5092567455464321,-0.4939223526538788,0.07336670785488356,0.29346693097877335,0.5082031870432816,-0.10434404221977155
-1.362485376291479,-0.695926821988933,1.9355823085674853,-0.32898398151661934,-0.14261348720291522,-0.5485049470710202,0.29346693097877335,0.5082031870432816,-1.3601991217934508
-1.362485376291479,-0.695926821988933,-0.5166403906326746,-0.16101724798983813,-0.4939223526538788,-0.39303703333954426,0.29346693097877335,0.5082031870432816,-0.10434404221977155
0.7151506952480162,0.10043086565205311,-0.5166403906326746,0.3173959034568316,-0.03888592786230436,-0.4448596712500362,0.29346693097877335,-2.0736733059253485,1.1515110373539077
0.7151506952480162,-0.695926821988933,-0.5166403906326746,-0.47040170552915694,0.12107288733137447,-0.3204853402648555,0.29346693097877335,0.5082031870432816,-0.10434404221977155
0.7151506952480162,0.8967885532930392,-0.5166403906326746,0.3763347045784524,-0.4939223526538788,0.3532089525715403,0.29346693097877335,0.5082031870432816,1.1515110373539077
0.7151506952480162,-0.695926821988933,-0.5166403906326746,-0.5281015528734464,0.009156310148083817,0.06300218027278516,0.29346693097877335,0.5082031870432816,-1.3601991217934508
-1.362485376291479,-0.695926821988933,-0.5166403906326746,2.6034426160299677,-0.4939223526538788,5.151985223083098,2.0770260967109033,-0.7827350594410336,1.1515110373539077
0.7151506952480162,0.10043086565205311,-0.5166403906326746,0.11084460943601639,0.6661885083924268,1.835336396811611,0.29346693097877335,-0.7827350594410336,1.1515110373539077
0.7151506952480162,-0.695926821988933,-0.5166403906326746,-0.3167714371400673,-0.09566311823821767,-0.09246573345869077,0.29346693097877335,0.5082031870432816,-0.10434404221977155
-1.362485376291479,0.8967885532930392,-0.5166403906326746,-0.35924985236285706,-0.4939223526538788,-0.15465289895128115,0.29346693097877335,0.5082031870432816,1.1515110373539077
-1.362485376291479,-0.695926821988933,-0.5166403906326746,-0.5233227311608825,-0.4939223526538788,-0.8905343572802673,0.29346693097877335,0.5082031870432816,1.1515110373539077
0.7151506952480162,0.8967885532930392,1.9355823085674853,-0.22243395666612165,-0.1035791688194748,-0.24793364719016672,0.29346693097877335,0.5082031870432816,-1.3601991217934508
-1.362485376291479,-0.695926821988933,-0.5166403906326746,0.28819199299116366,-0.4939223526538788,-0.7143373883845945,0.29346693097877335,0.5082031870432816,-0.10434404221977155
0.7151506952480162,-0.695926821988933,-0.5166403906326746,-0.5233227311608825,0.542261371706539,-0.3412143954290523,0.29346693097877335,0.5082031870432816,1.1515110373539077
0.7151506952480162,0.8967885532930392,-0.5166403906326746,-0.2567706756378767,-0.07737431172289944,0.15628292851167072,0.29346693097877335,0.5082031870432816,1.1515110373539077
0.7151506952480162,0.10043086565205311,1.9355823085674853,-0.5695180077156664,0.19504701517691536,-0.25829817477226513,0.29346693097877335,0.5082031870432816,1.1515110373539077
-1.362485376291479,-0.695926821988933,-0.5166403906326746,-0.5233227311608825,4.965422875799324,-0.517411364324725,0.29346693097877335,0.5082031870432816,-0.10434404221977155
0.7151506952480162,0.10043086565205311,-0.5166403906326746,-0.4557112535979421,0.009156310148083817,-0.3101208126827571,2.0770260967109033,0.5082031870432816,-0.10434404221977155
-1.362485376291479,-0.695926821988933,-0.5166403906326746,-0.6093415219870317,0.032631494630432585,-0.8179826642055785,0.29346693097877335,0.5082031870432816,1.1515110373539077
-1.362485376291479,-0.695926821988933,-0.5166403906326746,0.8041277445512977,-0.4939223526538788,0.6330511972881969,0.29346693097877335,0.5082031870432816,-0.10434404221977155
-1.362485376291479,-0.695926821988933,-0.5166403906326746,0.08571154709586577,0.6612750976868189,1.4829424590202653,0.29346693097877335,0.5082031870432816,-0.10434404221977155
0.7151506952480162,-0.695926821988933,-0.5166403906326746,0.11969427927409759,0.5722877704630317,1.7731492313190205,0.29346693097877335,0.5082031870432816,1.1515110373539077
-1.362485376291479,-0.695926821988933,-0.5166403906326746,-0.3316388824680437,-0.4939223526538788,-0.5899630573994138,0.29346693097877335,0.5082031870432816,1.1515110373539077
0.7151506952480162,-0.695926821988933,-0.5166403906326746,0.3754497375946443,-0.21822541861699207,0.2288346215863595,-1.044202443320324,0.5082031870432816,-0.10434404221977155
0.7151506952480162,-0.695926821988933,-0.5166403906326746,-0.37004644956531607,0.10660562247597348,-0.18574648169757635,0.29346693097877335,0.5082031870432816,-1.3601991217934508
-1.362485376291479,-0.695926821988933,-0.5166403906326746,-0.25783263601844647,0.127078167082673,-0.09246573345869077,0.29346693097877335,0.5082031870432816,-0.10434404221977155
0.7151506952480162,2.489503928575011,1.9355823085674853,-0.25924858319253946,-0.4939223526538788,-0.004367249010854408,-2.381871817619422,0.5082031870432816,1.1515110373539077
-1.362485376291479,-0.695926821988933,-0.5166403906326746,-0.5187209028450803,-0.00722172553727579,-0.08210120587659238,0.29346693097877335,0.5082031870432816,-1.3601991217934508
0.7151506952480162,-0.695926821988933,1.9355823085674853,0.1131455235939175,-0.4939223526538788,0.6745093076165906,0.29346693097877335,-2.0736733059253485,-1.3601991217934508
0.7151506952480162,-0.695926821988933,-0.5166403906326746,-0.5592523907034922,-0.07846618076859008,-0.5070468367426266,0.29346693097877335,0.5082031870432816,1.1515110373539077
-1.362485376291479,-0.695926821988933,-0.5166403906326746,0.06341037910390115,0.5067756277215932,1.6384103727517414,0.29346693097877335,0.5082031870432816,-1.3601991217934508
0.7151506952480162,-0.695926821988933,-0.5166403906326746,-0.33942659192555513,-0.11831940093629846,-1.0149086882654481,0.29346693097877335,0.5082031870432816,-1.3601991217934508
0.7151506952480162,2.489503928575011,-0.5166403906326746,8.195902973507001,-0.4939223526538788,5.670211602188017,-0.5983126518872917,0.5082031870432816,1.1515110373539077
-1.362485376291479,-0.695926821988933,-0.5166403906326746,0.1846508558856136,-0.4939223526538788,-0.49668230916052825,0.29346693097877335,-2.0736733059253485,-1.3601991217934508
-1.362485376291479,-0.695926821988933,1.9355823085674853,-0.3640286740754209,-0.4939223526538788,-0.6003275849815122,0.29346693097877335,0.5082031870432816,-1.3601991217934508
0.7151506952480162,0.8967885532930392,-0.5166403906326746,-0.14880470361328607,-0.4939223526538788,-0.19611100927967473,0.29346693097877335,0.5082031870432816,1.1515110373539077
0.7151506952480162,-0.695926821988933,-0.5166403906326746,0.06394135929418603,0.09568693201906707,0.3221153698252451,0.29346693097877335,0.5082031870432816,-0.10434404221977155
-1.362485376291479,-0.695926821988933,-0.5166403906326746,-0.5470398463269401,0.19695778600687397,-0.17538195411547794,0.29346693097877335,0.5082031870432816,-0.10434404221977155
-1.362485376291479,-0.695926821988933,-0.5166403906326746,0.8777569976041333,-0.4939223526538788,0.3532089525715403,0.29346693097877335,-2.0736733059253485,1.1515110373539077
-1.362485376291479,2.489503928575011,-0.5166403906326746,-0.8921769700121069,10.879804529044101,2.0426269484535786,-2.381871817619422,-0.7827350594410336,1.1515110373539077
0.7151506952480162,2.489503928575011,-0.5166403906326746,0.7163390197575322,-0.4939223526538788,1.2652873797961992,0.29346693097877335,0.5082031870432816,-1.3601991217934508
0.7151506952480162,2.489503928575011,-0.5166403906326746,-0.03375899571823044,-0.00967843089007973,0.3532089525715403,0.29346693097877335,0.5082031870432816,-0.10434404221977155
-1.362485376291479,-0.695926821988933,-0.5166403906326746,-0.36084279293371163,-0.4939223526538788,-0.2686627023543635,0.29346693097877335,0.5082031870432816,-0.10434404221977155
0.7151506952480162,0.10043086565205311,1.9355823085674853,-0.3642056674721825,-0.04625604392071619,-0.43449514366793784,-2.381871817619422,0.5082031870432816,1.1515110373539077
0.7151506952480162,-0.695926821988933,-0.5166403906326746,1.632987821585983,0.07930889633370747,1.5658586796770526,0.29346693097877335,0.5082031870432816,-1.3601991217934508
0.7151506952480162,0.10043086565205311,-0.5166403906326746,0.41244135751782374,-0.4939223526538788,0.9025289144227553,0.29346693097877335,0.5082031870432816,1.1515110373539077
0.7151506952480162,-0.695926821988933,-0.5166403906326746,2.5262734950418997,0.9435232459978494,4.322823016515225,0.29346693097877335,0.5082031870432816,-1.3601991217934508
0.7151506952480162,0.10043086565205311,-0.5166403906326746,2.48273311943854,-0.4939223526538788,4.633758843978177,0.29346693097877335,0.5082031870432816,-0.10434404221977155
-1.362485376291479,-0.695926821988933,1.9355823085674853,-0.37146239673940906,-0.4939223526538788,-0.7557954987129881,-4.522142816497977,0.5082031870432816,-0.10434404221977155
-1.362485376291479,-0.695926821988933,-0.5166403906326746,0.24164272964285655,-0.4939223526538788,-0.12355931620498596,0.29346693097877335,0.5082031870432816,-1.3601991217934508
0.7151506952480162,-0.695926821988933,-0.5166403906326746,-0.5341193283633415,0.4158775296678474,-0.24793364719016672,0.29346693097877335,0.5082031870432816,-1.3601991217934508
0.7151506952480162,0.8967885532930392,-0.5166403906326746,-0.2932313153707713,0.48875978846769763,0.6537802524523937,0.29346693097877335,-2.0736733059253485,1.1515110373539077
-1.362485376291479,-0.695926821988933,-0.5166403906326746,-0.20473461698995926,-0.4939223526538788,-0.17538195411547794,0.29346693097877335,-2.0736733059253485,-0.10434404221977155
0.7151506952480162,-0.695926821988933,-0.5166403906326746,-0.3611967797272349,0.2747534555123321,-0.413766088503741,0.29346693097877335,0.5082031870432816,-0.10434404221977155
-1.362485376291479,-0.695926821988933,-0.5166403906326746,-0.08083923925682243,-0.4939223526538788,-0.21684006444387152,0.29346693097877335,0.5082031870432816,-1.3601991217934508
0.7151506952480162,-0.695926821988933,-0.5166403906326746,1.6152884819098206,-0.4939223526538788,2.9339763205140406,0.29346693097877335,0.5082031870432816,-0.10434404221977155
0.7151506952480162,0.8967885532930392,1.9355823085674853,-0.6192531522056828,-0.09648202002248565,-0.9630860503549561,-0.5983126518872917,0.5082031870432816,1.1515110373539077
0.7151506952480162,0.10043086565205311,-0.5166403906326746,-0.453410339440041,-0.4939223526538788,-0.6003275849815122,0.29346693097877335,0.5082031870432816,-0.10434404221977155
2.7927867667875113,-0.695926821988933,-0.5166403906326746,-0.29039942102258526,-0.28810503754119304,0.07336670785488356,0.29346693097877335,0.5082031870432816,1.1515110373539077
-1.362485376291479,2.489503928575011,1.9355823085674853,-0.6419083069911706,-0.4939223526538788,-0.2531159109812159,0.29346693097877335,-2.0736733059253485,1.1515110373539077
0.7151506952480162,-0.695926821988933,-0.5166403906326746,-0.5741198360314687,-0.18683418355338616,0.047455388899637574,0.29346693097877335,0.5082031870432816,1.1515110373539077
0.7151506952480162,0.10043086565205311,1.9355823085674853,-0.49482679428226106,1.4444181707084307,1.3067454901245927,-2.381871817619422,0.5082031870432816,-0.10434404221977155
0.7151506952480162,-0.695926821988933,-0.5166403906326746,-0.4348260327800705,-0.4939223526538788,-0.9008988848623657,0.29346693097877335,0.5082031870432816,1.1515110373539077
0.7151506952480162,0.10043086565205311,-0.5166403906326746,0.8041277445512977,-0.4939223526538788,0.02154406994439158,0.29346693097877335,0.5082031870432816,-1.3601991217934508
-1.362485376291479,-0.695926821988933,1.9355823085674853,-0.19588494715187804,-0.4939223526538788,0.011179542362293186,0.29346693097877335,0.5082031870432816,-1.3601991217934508
0.7151506952480162,2.489503928575011,1.9355823085674853,-0.2843816455326901,-0.22559553467540389,-0.5485049470710202,0.29346693097877335,0.5082031870432816,-0.10434404221977155
0.7151506952480162,-0.695926821988933,-0.5166403906326746,-0.35358606366648504,-0.4939223526538788,-1.3258445157284,-3.2736514004854866,0.5082031870432816,-0.10434404221977155
0.7151506952480162,0.10043086565205311,-0.5166403906326746,2.279013719765911,-0.4939223526538788,3.597306085768338,0.29346693097877335,0.5082031870432816,1.1515110373539077
-1.362485376291479,-0.695926821988933,1.9355823085674853,0.10411886035907468,-0.4939223526538788,-0.39303703333954426,0.29346693097877335,-2.0736733059253485,-1.3601991217934508
0.7151506952480162,0.8967885532930392,-0.5166403906326746,-0.4171266931039081,-0.11176818666215461,-0.413766088503741,0.29346693097877335,0.5082031870432816,1.1515110373539077
0.7151506952480162,-0.695926821988933,-0.5166403906326746,0.04765796679211661,0.7603622135832445,1.0890904109005264,0.29346693097877335,0.5082031870432816,-0.10434404221977155
0.7151506952480162,0.8967885532930392,-0.5166403906326746,0.0961541575048016,-0.4939223526538788,0.5397704490493114,-1.4900922347533567,0.5082031870432816,-0.10434404221977155
-1.362485376291479,-0.695926821988933,-0.5166403906326746,0.1462432887883412,0.7115010737885884,0.581228559377705,0.29346693097877335,-2.0736733059253485,-1.3601991217934508
-1.362485376291479,-0.695926821988933,-0.5166403906326746,-0.09552969118803722,-0.4939223526538788,-0.2375691196080683,0.29346693097877335,-2.0736733059253485,-1.3601991217934508
-1.362485376291479,-0.695926821988933,-0.5166403906326746,0.9811211413129217,-0.4939223526538788,-0.724701915966693,0.29346693097877335,0.5082031870432816,1.1515110373539077
0.7151506952480162,0.10043086565205311,-0.5166403906326746,0.10765872829430716,0.0531040392371321,1.006174190243739,0.29346693097877335,0.5082031870432816,-0.10434404221977155
0.7151506952480162,0.10043086565205311,-0.5166403906326746,0.5680185532712912,0.8662735110152366,2.312104665588137,0.29346693097877335,-2.0736733059253485,-1.3601991217934508
0.7151506952480162,-0.695926821988933,1.9355823085674853,-0.5314644274119172,0.14291026824518727,0.2910217870789499,0.29346693097877335,-2.0736733059253485,1.1515110373539077
-1.362485376291479,-0.695926821988933,-0.5166403906326746,-0.30208098520885246,-0.4939223526538788,-0.413766088503741,2.0770260967109033,0.5082031870432816,1.1515110373539077
0.7151506952480162,-0.695926821988933,-0.5166403906326746,-0.5534116086103585,0.7306087820881746,-0.5485049470710202,0.29346693097877335,0.5082031870432816,-0.10434404221977155
-1.362485376291479,-0.695926821988933,-0.5166403906326746,-0.36084279293371163,-0.4939223526538788,-0.18574648169757635,0.29346693097877335,0.5082031870432816,-1.3601991217934508
-1.362485376291479,-0.695926821988933,1.9355823085674853,-0.2622574709374871,0.19695778600687397,-1.0149086882654481,0.29346693097877335,0.5082031870432816,-1.3601991217934508
0.7151506952480162,-0.695926821988933,-0.5166403906326746,-0.846512673647608,0.9517122638405293,0.15628292851167072,0.29346693097877335,0.5082031870432816,-1.3601991217934508
-1.362485376291479,-0.695926821988933,-0.5166403906326746,-0.07198956941874124,-0.4939223526538788,-0.36194345059324906,0.29346693097877335,0.5082031870432816,-0.10434404221977155
-1.362485376291479,-0.29774797816843995,-0.5166403906326746,-0.4371269469379716,-0.4939223526538788,-0.672879278056201,0.29346693097877335,-2.0736733059253485,-0.10434404221977155
0.7151506952480162,0.8967885532930392,-0.5166403906326746,-0.4219055148164719,1.718750268438204,0.4879478111388194,0.29346693097877335,0.5082031870432816,1.1515110373539077
0.7151506952480162,-0.695926821988933,1.9355823085674853,0.38996319612909747,-0.4939223526538788,-0.5070468367426266,0.29346693097877335,-2.0736733059253485,1.1515110373539077
0.7151506952480162,-0.695926821988933,-0.5166403906326746,-0.3298689485004274,0.6705559845751894,-0.21684006444387152,-2.381871817619422,-2.0736733059253485,-1.3601991217934508
-1.362485376291479,-0.695926821988933,-0.5166403906326746,-0.5873943407885904,-0.4939223526538788,-0.5588694746531186,0.29346693097877335,-2.0736733059253485,-0.10434404221977155
0.7151506952480162,2.489503928575011,-0.5166403906326746,-0.4296932242739834,-0.4939223526538788,-0.5588694746531186,0.29346693097877335,0.5082031870432816,1.1515110373539077
0.7151506952480162,2.489503928575011,1.9355823085674853,-0.44420668280843656,-0.03970482964657234,-0.859440774533972,-2.381871817619422,-2.0736733059253485,1.1515110373539077
0.7151506952480162,0.10043086565205311,-0.5166403906326746,-0.15464548570641964,-0.08228772242850732,-0.25829817477226513,0.29346693097877335,0.5082031870432816,-1.3601991217934508
0.7151506952480162,-0.695926821988933,-0.5166403906326746,-0.19889383489682566,0.17512040509306118,-0.4448596712500362,0.29346693097877335,0.5082031870432816,1.1515110373539077
-1.362485376291479,-0.695926821988933,-0.5166403906326746,-0.5056233914847201,-0.025237564791171358,-0.5588694746531186,-0.5983126518872917,0.5082031870432816,-0.10434404221977155
0.7151506952480162,-0.695926821988933,-0.5166403906326746,-0.4054451289176409,0.0694820749224917,-0.5070468367426266,0.29346693097877335,-2.0736733059253485,1.1515110373539077
-1.362485376291479,-0.695926821988933,1.9355823085674853,-0.30243497200237573,-0.0386129606008817,-0.4448596712500362,0.29346693097877335,0.5082031870432816,-0.10434404221977155
0.7151506952480162,0.8967885532930392,-0.5166403906326746,-0.6826167882463441,4.965422875799324,0.8921643868406568,0.29346693097877335,0.5082031870432816,1.1515110373539077
0.7151506952480162,0.10043086565205311,-0.5166403906326746,-0.47907438197047647,0.008883342886661157,-0.39303703333954426,0.29346693097877335,0.5082031870432816,-0.10434404221977155
0.7151506952480162,-0.695926821988933,-0.5166403906326746,-0.2670362926500509,-0.020870088608408797,-0.040643095548198796,0.29346693097877335,-2.0736733059253485,-1.3601991217934508
0.7151506952480162,2.489503928575011,-0.5166403906326746,-0.19730089432597103,-0.44233154024499605,-0.2997562851006587,0.29346693097877335,0.5082031870432816,-0.10434404221977155
-1.362485376291479,-0.695926821988933,-0.5166403906326746,-0.6408463466106009,8.742470872104672,-0.6521502228920042,0.29346693097877335,0.5082031870432816,1.1515110373539077
0.7151506952480162,0.10043086565205311,-0.5166403906326746,-0.4127018581848675,0.2111520836008523,0.1770119836758675,0.29346693097877335,0.5082031870432816,-0.10434404221977155
-1.362485376291479,-0.695926821988933,-0.5166403906326746,-0.5233227311608825,-0.4939223526538788,-0.5899630573994138,2.0770260967109033,0.5082031870432816,-0.10434404221977155
0.7151506952480162,0.8967885532930392,1.9355823085674853,0.1639426284645036,-0.22095509123121868,0.3532089525715403,0.29346693097877335,0.5082031870432816,-1.3601991217934508
0.7151506952480162,-0.695926821988933,1.9355823085674853,-0.33358580983242153,0.629064960838945,-0.009549512801903606,-1.044202443320324,-2.0736733059253485,-1.3601991217934508
0.7151506952480162,-0.695926821988933,-0.5166403906326746,-0.43252511862216936,0.33398735124104934,-0.6003275849815122,-0.5983126518872917,0.5082031870432816,1.1515110373539077
-1.362485376291479,0.10043086565205311,1.9355823085674853,-0.1505746375809023,-0.4939223526538788,-0.7454309711308897,0.29346693097877335,0.5082031870432816,-1.3601991217934508
0.7151506952480162,0.10043086565205311,-0.5166403906326746,1.3069659847510715,2.4999825706298573,2.0322624208714806,0.29346693097877335,0.5082031870432816,-0.10434404221977155
0.7151506952480162,0.10043086565205311,1.9355823085674853,-0.49624274145635405,-0.0844714605198886,-0.413766088503741,-2.381871817619422,-2.0736733059253485,-1.3601991217934508
-1.362485376291479,-0.695926821988933,-0.5166403906326746,-0.35287809007943854,-0.4939223526538788,-0.3204853402648555,0.29346693097877335,-0.7827350594410336,1.1515110373539077
0.7151506952480162,0.10043086565205311,-0.5166403906326746,5.024712283728984,-0.4939223526538788,1.1098194660647231,0.29346693097877335,0.5082031870432816,-0.10434404221977155
0.7151506952480162,-0.695926821988933,-0.5166403906326746,-0.30615183333436985,-0.00940546362865707,-0.22720459202596993,0.29346693097877335,0.5082031870432816,-0.10434404221977155
0.7151506952480162,0.8967885532930392,-0.5166403906326746,-0.30792176730198606,-0.4939223526538788,-0.3412143954290523,0.29346693097877335,0.5082031870432816,-0.10434404221977155
0.7151506952480162,0.10043086565205311,-0.5166403906326746,-0.22845173215601688,0.4257043510790632,0.4983123387209178,0.29346693097877335,0.5082031870432816,1.1515110373539077
-1.362485376291479,-0.695926821988933,1.9355823085674853,-0.5144730613228014,0.06347679517119319,-0.2790272299364619,0.29346693097877335,0.5082031870432816,-1.3601991217934508
0.7151506952480162,-0.695926821988933,1.9355823085674853,-0.5410220708370449,0.5433532407522297,0.6434157248702953,-2.381871817619422,0.5082031870432816,1.1515110373539077
0.7151506952480162,-0.695926821988933,-0.5166403906326746,-0.5410220708370449,0.09759770284902569,-0.39303703333954426,0.29346693097877335,0.5082031870432816,-0.10434404221977155
0.7151506952480162,0.8967885532930392,-0.5166403906326746,-0.34455940043164224,0.7115010737885884,0.9336224971690504,0.29346693097877335,0.5082031870432816,-1.3601991217934508
0.7151506952480162,0.8967885532930392,-0.5166403906326746,1.9839657273642834,-0.4939223526538788,1.2652873797961992,0.29346693097877335,0.5082031870432816,1.1515110373539077
-1.362485376291479,-0.695926821988933,1.9355823085674853,-0.7105817449346807,-0.4939223526538788,-1.222199239907416,0.29346693097877335,0.5082031870432816,1.1515110373539077
0.7151506952480162,2.489503928575011,-0.5166403906326746,0.010489353472175564,2.59060770142218,3.545483447857846,0.29346693097877335,-2.0736733059253485,-0.10434404221977155
0.7151506952480162,-0.695926821988933,1.9355823085674853,-0.43181714503512286,-0.3129450583306551,-0.5277758919068234,0.29346693097877335,0.5082031870432816,-0.10434404221977155
-1.362485376291479,-0.695926821988933,-0.5166403906326746,-0.5449159255658006,-0.4939223526538788,-1.1081894365043337,0.29346693097877335,0.5082031870432816,-1.3601991217934508
0.7151506952480162,-0.695926821988933,-0.5166403906326746,-0.19889383489682566,0.17512040509306118,-0.4448596712500362,0.29346693097877335,0.5082031870432816,1.1515110373539077
-1.362485376291479,-0.695926821988933,-0.5166403906326746,-0.23429251424915046,-0.4939223526538788,-0.3204853402648555,0.29346693097877335,0.5082031870432816,-0.10434404221977155
0.7151506952480162,0.10043086565205311,-0.5166403906326746,-0.6093415219870317,0.3045068870074021,-0.413766088503741,0.29346693097877335,0.5082031870432816,1.1515110373539077
-1.362485376291479,-0.695926821988933,1.9355823085674853,-0.4843841838733252,-0.4939223526538788,-0.7557954987129881,-1.044202443320324,-2.0736733059253485,1.1515110373539077
0.7151506952480162,-0.695926821988933,-0.5166403906326746,0.08252566595415654,0.0667524023082651,0.6019576145419018,0.29346693097877335,0.5082031870432816,-1.3601991217934508
-1.362485376291479,-0.695926821988933,-0.5166403906326746,-0.22402689723697627,-0.4939223526538788,-0.3412143954290523,0.29346693097877335,0.5082031870432816,-1.3601991217934508
0.7151506952480162,0.10043086565205311,-0.5166403906326746,-0.27995681061364946,-0.4939223526538788,-0.8905343572802673,0.29346693097877335,0.5082031870432816,1.1515110373539077
-1.362485376291479,-0.695926821988933,-0.5166403906326746,-0.6266868748696709,0.8881108919290495,-0.8905343572802673,0.29346693097877335,0.5082031870432816,-1.3601991217934508
0.7151506952480162,-0.695926821988933,-0.5166403906326746,-0.391285657176711,-0.10712774321796939,-0.15465289895128115,0.29346693097877335,0.5082031870432816,-0.10434404221977155
-1.362485376291479,-0.695926821988933,-0.5166403906326746,0.1050038273428828,0.6888447910905076,-0.3412143954290523,-2.381871817619422,0.5082031870432816,1.1515110373539077
0.7151506952480162,0.10043086565205311,1.9355823085674853,-0.5247386783349755,0.154374893224939,-0.46040646262318385,0.29346693097877335,0.5082031870432816,-1.3601991217934508
0.7151506952480162,-0.695926821988933,1.9355823085674853,-0.1277424893986528,-0.4939223526538788,-0.15465289895128115,0.29346693097877335,0.5082031870432816,1.1515110373539077
0.7151506952480162,0.8967885532930392,-0.5166403906326746,0.4409372943964452,1.4621610427009037,3.39001553412637,0.29346693097877335,0.5082031870432816,-1.3601991217934508
0.7151506952480162,0.10043086565205311,-0.5166403906326746,-0.541907037820853,-0.4939223526538788,0.6071398783329509,0.29346693097877335,0.5082031870432816,-0.10434404221977155
-1.362485376291479,-0.695926821988933,-0.5166403906326746,-0.22845173215601688,-0.4939223526538788,-0.569234002235217,0.29346693097877335,-2.0736733059253485,-0.10434404221977155
0.7151506952480162,-0.695926821988933,-0.5166403906326746,-0.5086322792296677,0.08340340525504737,-0.3412143954290523,0.29346693097877335,0.5082031870432816,1.1515110373539077
-1.362485376291479,0.10043086565205311,1.9355823085674853,-0.32933796831014256,-0.4939223526538788,-0.5485049470710202,-1.4900922347533567,-0.7827350594410336,1.1515110373539077
-1.362485376291479,-0.695926821988933,-0.5166403906326746,-0.058892058058381054,-0.4939223526538788,-0.2997562851006587,0.29346693097877335,-2.0736733059253485,-1.3601991217934508
0.7151506952480162,2.489503928575011,-0.5166403906326746,-0.3523471098891537,0.4418094195030001,-0.030278567966100397,0.29346693097877335,0.5082031870432816,-1.3601991217934508
-1.362485376291479,-0.695926821988933,-0.5166403906326746,-0.6249169409020547,0.011340048239465099,-1.06673132617594,0.29346693097877335,0.5082031870432816,-0.10434404221977155
0.7151506952480162,-0.695926821988933,-0.5166403906326746,-0.3102226814598872,0.052012170191441456,-0.3412143954290523,0.29346693097877335,0.5082031870432816,-1.3601991217934508
0.7151506952480162,-0.695926821988933,-0.5166403906326746,0.43828239344502085,-0.4939223526538788,1.2652873797961992,0.29346693097877335,0.5082031870432816,1.1515110373539077
-1.362485376291479,-0.695926821988933,-0.5166403906326746,0.0961541575048016,-0.4939223526538788,0.03190859752648998,0.29346693097877335,0.5082031870432816,1.1515110373539077
0.7151506952480162,0.8967885532930392,-0.5166403906326746,-0.060308005232474045,-0.09784685632959896,0.12518934576537555,0.29346693097877335,-2.0736733059253485,1.1515110373539077
-1.362485376291479,-0.695926821988933,-0.5166403906326746,-0.30208098520885246,-0.4939223526538788,-0.5485049470710202,0.29346693097877335,0.5082031870432816,1.1515110373539077
-1.362485376291479,0.8967885532930392,-0.5166403906326746,-0.32562110697814844,-0.4939223526538788,-0.4759532539963314,0.29346693097877335,0.5082031870432816,-0.10434404221977155
0.7151506952480162,-0.695926821988933,1.9355823085674853,-0.6245629541085315,-0.045164174875025546,-0.5485049470710202,0.29346693097877335,0.5082031870432816,-0.10434404221977155
-1.362485376291479,-0.695926821988933,-0.5166403906326746,-0.08083923925682243,0.19968745862110057,-0.019914040384002,2.0770260967109033,0.5082031870432816,-1.3601991217934508
0.7151506952480162,0.10043086565205311,-0.5166403906326746,-0.47252562629029643,0.029355887493360665,-0.07173667829449398,0.29346693097877335,-2.0736733059253485,-1.3601991217934508
0.7151506952480162,0.10043086565205311,-0.5166403906326746,0.8949253570900109,0.5570016038233627,0.07336670785488356,-2.381871817619422,-2.0736733059253485,1.1515110373539077
0.7151506952480162,2.489503928575011,1.9355823085674853,0.043587118666599256,-0.4939223526538788,-0.2375691196080683,0.29346693097877335,0.5082031870432816,-1.3601991217934508
0.7151506952480162,2.489503928575011,1.9355823085674853,-0.34243547967050275,-0.4939223526538788,-0.7454309711308897,-2.381871817619422,0.5082031870432816,-1.3601991217934508
-1.362485376291479,-0.695926821988933,-0.5166403906326746,-0.6378374588656532,0.28130466978647595,-0.40340156092164264,0.29346693097877335,0.5082031870432816,-1.3601991217934508
0.7151506952480162,-0.695926821988933,-0.5166403906326746,-0.4194276072618092,0.10933529509020008,-0.17538195411547794,0.29346693097877335,-2.0736733059253485,-0.10434404221977155
0.7151506952480162,-0.695926821988933,-0.5166403906326746,2.692116307807541,-0.4939223526538788,0.845524012721214,0.29346693097877335,0.5082031870432816,-1.3601991217934508
0.7151506952480162,0.8967885532930392,1.9355823085674853,-0.6339436041368975,0.01789126251360894,-0.5795985298173154,0.29346693097877335,0.5082031870432816,-0.10434404221977155
-1.362485376291479,0.10043086565205311,-0.5166403906326746,-0.3167714371400673,-0.4939223526538788,-0.413766088503741,-2.381871817619422,0.5082031870432816,1.1515110373539077
0.7151506952480162,0.8967885532930392,-0.5166403906326746,-0.15765437345136726,-0.4939223526538788,-0.5485049470710202,0.29346693097877335,0.5082031870432816,1.1515110373539077
0.7151506952480162,0.8967885532930392,-0.5166403906326746,0.1404025066952076,-0.03124284454246988,0.5915930869598034,0.29346693097877335,0.5082031870432816,-0.10434404221977155
0.7151506952480162,-0.695926821988933,-0.5166403906326746,-0.11322903086419964,-0.2419735703607635,-0.3412143954290523,-2.381871817619422,0.5082031870432816,1.1515110373539077
-1.362485376291479,-0.695926821988933,-0.5166403906326746,0.14518132840777145,-0.4939223526538788,-0.36194345059324906,0.29346693097877335,-2.0736733059253485,-1.3601991217934508
-1.362485376291479,-0.695926821988933,1.9355823085674853,-0.6282798154405256,0.1516452206107124,-0.3412143954290523,-1.044202443320324,0.5082031870432816,1.1515110373539077
0.7151506952480162,2.489503928575011,1.9355823085674853,-0.49730470183692377,-0.060723308776117174,0.2081055664221627,0.29346693097877335,0.5082031870432816,-1.3601991217934508
-1.362485376291479,-0.695926821988933,-0.5166403906326746,-0.051458335394392846,-0.4939223526538788,-0.25829817477226513,0.29346693097877335,0.5082031870432816,-0.10434404221977155
0.7151506952480162,-0.695926821988933,-0.5166403906326746,0.008188439314274452,0.7317006511338652,-0.859440774533972,0.29346693097877335,0.5082031870432816,-0.10434404221977155
-1.362485376291479,-0.695926821988933,1.9355823085674853,-0.27517798890108564,-0.03915889512372702,-0.4552241988321346,0.29346693097877335,0.5082031870432816,-1.3601991217934508
0.7151506952480162,0.8967885532930392,-0.5166403906326746,-0.011634821123027439,-0.4939223526538788,-0.2375691196080683,0.29346693097877335,0.5082031870432816,1.1515110373539077
0.7151506952480162,0.8967885532930392,1.9355823085674853,-0.3153554899659743,-0.42786427538959504,-0.46558872641423305,0.29346693097877335,0.5082031870432816,-0.10434404221977155
0.7151506952480162,0.8967885532930392,-0.5166403906326746,-0.27553197569460885,-0.4939223526538788,-0.6521502228920042,0.29346693097877335,0.5082031870432816,-0.10434404221977155
0.7151506952480162,0.10043086565205311,-0.5166403906326746,0.1669515162094512,1.485090292660407,0.2806572594968515,0.29346693097877335,-2.0736733059253485,1.1515110373539077
0.7151506952480162,-0.695926821988933,-0.5166403906326746,1.006962177240119,-0.4939223526538788,-0.17538195411547794,0.29346693097877335,0.5082031870432816,1.1515110373539077
-1.362485376291479,-0.695926821988933,1.9355823085674853,-0.5528806284200737,-0.09784685632959896,-0.5277758919068234,2.0770260967109033,-2.0736733059253485,1.1515110373539077
0.7151506952480162,-0.695926821988933,-0.5166403906326746,2.7214972116699707,1.3259503792509963,3.39001553412637,0.29346693097877335,-0.7827350594410336,1.1515110373539077
-1.362485376291479,-0.695926821988933,-0.5166403906326746,-0.25783263601844647,0.18849580090277152,-0.13392384378708436,0.29346693097877335,0.5082031870432816,-1.3601991217934508
0.7151506952480162,-0.695926821988933,1.9355823085674853,0.10199493959793518,-0.4939223526538788,0.07336670785488356,0.29346693097877335,0.5082031870432816,1.1515110373539077
-1.362485376291479,-0.695926821988933,-0.5166403906326746,-0.4226134884035184,-0.4939223526538788,-0.8490762469518737,2.0770260967109033,0.5082031870432816,1.1515110373539077
0.7151506952480162,0.10043086565205311,-0.5166403906326746,0.7223567952474274,-0.4939223526538788,0.3532089525715403,0.29346693097877335,0.5082031870432816,1.1515110373539077
-1.362485376291479,-0.695926821988933,-0.5166403906326746,-0.8516454821536951,0.5114160711657785,-0.413766088503741,2.0770260967109033,0.5082031870432816,-1.3601991217934508
0.7151506952480162,2.489503928575011,-0.5166403906326746,0.16996040395439882,-0.4939223526538788,0.042273125108588376,-2.381871817619422,0.5082031870432816,-1.3601991217934508
0.7151506952480162,2.489503928575011,-0.5166403906326746,-0.35871887217257215,-0.15271327587555364,-0.25829817477226513,0.29346693097877335,-2.0736733059253485,-0.10434404221977155
-1.362485376291479,-0.695926821988933,-0.5166403906326746,0.8041277445512977,-0.03915889512372702,0.7470610006912793,0.29346693097877335,0.5082031870432816,-1.3601991217934508
0.7151506952480162,2.489503928575011,-0.5166403906326746,-0.23907133596171432,-0.4939223526538788,-1.170376601996924,-2.381871817619422,0.5082031870432816,-1.3601991217934508
-1.362485376291479,-0.695926821988933,1.9355823085674853,-0.3994273534277457,0.12134585459279713,-0.2790272299364619,-2.381871817619422,-2.0736733059253485,1.1515110373539077
0.7151506952480162,0.10043086565205311,1.9355823085674853,-0.24898296618036525,0.9533500674090652,-0.15465289895128115,0.29346693097877335,0.5082031870432816,-1.3601991217934508
0.7151506952480162,-0.695926821988933,1.9355823085674853,-0.3629667136948511,0.7117740410500111,-0.3101208126827571,0.29346693097877335,0.5082031870432816,-0.10434404221977155
0.7151506952480162,-0.695926821988933,1.9355823085674853,-0.6472181088940193,0.306963592360206,-0.6210566401457089,0.29346693097877335,-2.0736733059253485,1.1515110373539077
0.7151506952480162,2.489503928575011,-0.5166403906326746,1.6890947283594178,-0.4939223526538788,1.524400569348659,0.29346693097877335,0.5082031870432816,-1.3601991217934508
0.7151506952480162,0.8967885532930392,1.9355823085674853,-0.20685853775109875,0.39676982136826117,-0.20647553686177314,-2.381871817619422,0.5082031870432816,1.1515110373539077
0.7151506952480162,-0.695926821988933,-0.5166403906326746,-0.14721176304243144,0.2859451132306612,-0.43449514366793784,-4.878854649644404,0.5082031870432816,1.1515110373539077
-1.362485376291479,-0.695926821988933,-0.5166403906326746,-0.2410182633260922,0.44699579747003065,-0.019914040384002,0.29346693097877335,0.5082031870432816,-1.3601991217934508
0.7151506952480162,0.8967885532930392,-0.5166403906326746,-0.7219093223274247,0.019529066082144903,0.14591840092957234,0.29346693097877335,0.5082031870432816,1.1515110373539077
0.7151506952480162,0.8967885532930392,-0.5166403906326746,0.5915586750405872,-0.4939223526538788,1.0890904109005264,0.29346693097877335,-2.0736733059253485,1.1515110373539077
-1.362485376291479,-0.695926821988933,-0.5166403906326746,-0.4643839300392617,0.012977851808001059,-0.2790272299364619,0.29346693097877335,0.5082031870432816,-1.3601991217934508
0.7151506952480162,-0.695926821988933,1.9355823085674853,-0.4495164847112853,-0.34761190053133295,-0.9008988848623657,0.29346693097877335,0.5082031870432816,-1.3601991217934508
-1.362485376291479,-0.695926821988933,1.9355823085674853,-0.5826155190760266,-0.4939223526538788,-0.859440774533972,0.29346693097877335,0.5082031870432816,-0.10434404221977155
-1.362485376291479,0.10043086565205311,-0.5166403906326746,-0.13535320545940263,-0.4939223526538788,-0.4863177815784298,0.29346693097877335,0.5082031870432816,-1.3601991217934508
0.7151506952480162,-0.695926821988933,1.9355823085674853,-0.5040304509138654,0.44754173199287595,0.12518934576537555,-2.381871817619422,-2.0736733059253485,-1.3601991217934508
-1.362485376291479,-0.695926821988933,-0.5166403906326746,-0.13694614603025726,0.028809952970515345,0.33247989740734346,0.29346693097877335,0.5082031870432816,-0.10434404221977155
0.7151506952480162,-0.695926821988933,-0.5166403906326746,1.9885675556800857,-0.4939223526538788,-0.4448596712500362,0.29346693097877335,0.5082031870432816,-0.10434404221977155
0.7151506952480162,-0.695926821988933,-0.5166403906326746,-0.15464548570641964,1.0415184928485846,1.0579968281542311,0.29346693097877335,0.5082031870432816,-0.10434404221977155
0.7151506952480162,-0.695926821988933,-0.5166403906326746,-0.34686031458954336,0.042185348780225694,-0.3826725057574459,0.29346693097877335,0.5082031870432816,-1.3601991217934508
-1.362485376291479,-0.695926821988933,-0.5166403906326746,1.3131607536377283,-0.4939223526538788,2.6126759654689904,0.29346693097877335,0.5082031870432816,-0.10434404221977155
0.7151506952480162,0.10043086565205311,-0.5166403906326746,0.4628844755948866,-0.42841020991244033,1.0372677729900344,0.29346693097877335,0.5082031870432816,1.1515110373539077
0.7151506952480162,0.8967885532930392,-0.5166403906326746,1.6653776131933602,-0.4939223526538788,-0.859440774533972,0.29346693097877335,0.5082031870432816,1.1515110373539077
0.7151506952480162,2.489503928575011,1.9355823085674853,-0.12420262146342032,-0.4939223526538788,-0.6003275849815122,0.29346693097877335,-2.0736733059253485,-0.10434404221977155
0.7151506952480162,-0.695926821988933,-0.5166403906326746,1.667855520748023,-0.4939223526538788,-0.5899630573994138,0.29346693097877335,0.5082031870432816,-0.10434404221977155
0.7151506952480162,2.489503928575011,-0.5166403906326746,-0.428454270496652,0.18958766994846216,0.05263765269068677,0.29346693097877335,-2.0736733059253485,-0.10434404221977155
-1.362485376291479,-0.695926821988933,-0.5166403906326746,-0.4847381706668485,-0.4939223526538788,-0.859440774533972,0.29346693097877335,0.5082031870432816,-0.10434404221977155
-1.362485376291479,-0.695926821988933,-0.5166403906326746,-0.3463293343992585,-0.4939223526538788,-0.7454309711308897,-0.5983126518872917,0.5082031870432816,-0.10434404221977155
0.7151506952480162,0.8967885532930392,-0.5166403906326746,0.5090797521496705,0.37056496427168584,0.12518934576537555,0.29346693097877335,0.5082031870432816,-1.3601991217934508
0.7151506952480162,-0.695926821988933,-0.5166403906326746,-0.5365972359180043,0.1448210390751459,-0.10283026104078917,0.29346693097877335,0.5082031870432816,-0.10434404221977155
0.7151506952480162,-0.695926821988933,-0.5166403906326746,-0.4348260327800705,0.4385338123659282,-1.0045441606833496,-2.381871817619422,0.5082031870432816,-0.10434404221977155
-1.362485376291479,-0.695926821988933,-0.5166403906326746,-0.22845173215601688,-0.4939223526538788,-1.1289184916685304,0.29346693097877335,0.5082031870432816,-0.10434404221977155
0.7151506952480162,0.8967885532930392,-0.5166403906326746,0.06411835269094765,0.8709139544594219,-0.3412143954290523,0.29346693097877335,0.5082031870432816,-1.3601991217934508
0.7151506952480162,-0.695926821988933,-0.5166403906326746,-0.5528806284200737,0.16583951820469073,-0.17538195411547794,0.29346693097877335,0.5082031870432816,1.1515110373539077
0.7151506952480162,2.489503928575011,-0.5166403906326746,-0.25783263601844647,1.6215739233717372,1.420755293527675,0.29346693097877335,0.5082031870432816,-0.10434404221977155
0.7151506952480162,0.10043086565205311,-0.5166403906326746,1.1581145380745457,-0.4939223526538788,3.5558479754399444,0.29346693097877335,0.5082031870432816,-0.10434404221977155
0.7151506952480162,-0.695926821988933,1.9355823085674853,-0.19694690753244778,-0.29301844824680096,-0.6832438056382993,0.29346693097877335,0.5082031870432816,-0.10434404221977155
-1.362485376291479,0.10043086565205311,-0.5166403906326746,-0.18986717166198283,-0.004492052923049189,-0.37230797817534744,0.29346693097877335,0.5082031870432816,1.1515110373539077
0.7151506952480162,-0.695926821988933,-0.5166403906326746,-0.15163659796147205,-0.4939223526538788,-0.8283471917876769,-2.381871817619422,0.5082031870432816,-0.10434404221977155
0.7151506952480162,0.8967885532930392,-0.5166403906326746,-0.22827473875925525,-0.0989387253752896,0.05263765269068677,0.29346693097877335,0.5082031870432816,-1.3601991217934508
-1.362485376291479,0.10043086565205311,-0.5166403906326746,-0.5056233914847201,-0.4939223526538788,0.07336670785488356,0.29346693097877335,0.5082031870432816,1.1515110373539077
-1.362485376291479,0.10043086565205311,-0.5166403906326746,-0.34969220893772934,-0.4939223526538788,0.02154406994439158,-4.522142816497977,0.5082031870432816,-0.10434404221977155
0.7151506952480162,-0.695926821988933,-0.5166403906326746,-0.47287961308381965,0.05637964637420402,-0.4448596712500362,0.29346693097877335,0.5082031870432816,-1.3601991217934508
0.7151506952480162,0.8967885532930392,-0.5166403906326746,1.054927387762519,-0.18656121629196348,0.7470610006912793,0.29346693097877335,0.5082031870432816,1.1515110373539077
0.7151506952480162,0.4986097094725462,-0.5166403906326746,0.03721535638318079,0.23408133356035576,0.2806572594968515,0.29346693097877335,0.5082031870432816,-1.3601991217934508
0.7151506952480162,-0.695926821988933,1.9355823085674853,-0.636067524898037,-0.2097634335128896,-0.569234002235217,0.29346693097877335,0.5082031870432816,-0.10434404221977155
0.7151506952480162,0.8967885532930392,-0.5166403906326746,0.08464958671529603,-0.4939223526538788,-0.20647553686177314,0.29346693097877335,0.5082031870432816,-0.10434404221977155
0.7151506952480162,-0.695926821988933,-0.5166403906326746,0.14146446707577734,-0.4939223526538788,0.07336670785488356,0.29346693097877335,-0.7827350594410336,1.1515110373539077
-1.362485376291479,-0.695926821988933,-0.5166403906326746,-0.12508758844722845,-0.4939223526538788,-0.6106921125636106,0.29346693097877335,0.5082031870432816,-0.10434404221977155
0.7151506952480162,-0.695926821988933,1.9355823085674853,-0.10083949309088595,-0.4939223526538788,-0.20647553686177314,0.29346693097877335,0.5082031870432816,-1.3601991217934508
-1.362485376291479,2.489503928575011,-0.5166403906326746,1.2466112364553579,0.3249794316141016,1.731691120990627,0.29346693097877335,0.5082031870432816,-1.3601991217934508
0.7151506952480162,0.8967885532930392,-0.5166403906326746,0.2081909776549096,-0.4939223526538788,-0.5485049470710202,0.29346693097877335,-2.0736733059253485,-1.3601991217934508
0.7151506952480162,-0.695926821988933,-0.5166403906326746,-0.14243294132986759,0.48411934502351245,-0.5536872108620694,0.29346693097877335,0.5082031870432816,-0.10434404221977155
-1.362485376291479,-0.695926821988933,-0.5166403906326746,0.0961541575048016,-0.4939223526538788,-0.13392384378708436,0.29346693097877335,0.5082031870432816,-1.3601991217934508
-1.362485376291479,-0.695926821988933,1.9355823085674853,-0.1011934798844092,-0.4939223526538788,-1.087460381340137,0.29346693097877335,0.5082031870432816,-1.3601991217934508
0.7151506952480162,0.8967885532930392,1.9355823085674853,-0.45447229982061077,-0.4939223526538788,-1.118553964086432,-2.381871817619422,-2.0736733059253485,1.1515110373539077
-1.362485376291479,-0.695926821988933,-0.5166403906326746,1.6889177349626563,-0.4939223526538788,0.923257969586952,0.29346693097877335,-2.0736733059253485,-0.10434404221977155
0.7151506952480162,0.10043086565205311,-0.5166403906326746,-0.30792176730198606,0.3045068870074021,-0.019914040384002,0.29346693097877335,0.5082031870432816,-0.10434404221977155
0.7151506952480162,-0.695926821988933,-0.5166403906326746,0.11031362924573151,0.20733054194093506,0.30138631466104826,0.29346693097877335,0.5082031870432816,-1.3601991217934508
-1.362485376291479,-0.695926821988933,-0.5166403906326746,-0.21712415476327293,-0.4939223526538788,-0.42413061608583946,0.29346693097877335,0.5082031870432816,-0.10434404221977155
0.7151506952480162,0.8967885532930392,1.9355823085674853,-0.21783212835031943,-0.21003640077431227,-0.4448596712500362,0.29346693097877335,0.5082031870432816,1.1515110373539077
-1.362485376291479,-0.695926821988933,-0.5166403906326746,-0.15464548570641964,-0.4939223526538788,-0.20647553686177314,0.29346693097877335,-2.0736733059253485,-0.10434404221977155
0.7151506952480162,0.8967885532930392,-0.5166403906326746,0.45014095102804963,-0.4939223526538788,0.4879478111388194,0.29346693097877335,0.5082031870432816,-0.10434404221977155
0.7151506952480162,0.8967885532930392,1.9355823085674853,-0.6130583833190258,-0.05035055284205609,-0.413766088503741,-2.381871817619422,0.5082031870432816,-0.10434404221977155
0.7151506952480162,-0.695926821988933,-0.5166403906326746,-0.39801140625365267,0.34299527086799714,0.1977410388400643,0.29346693097877335,0.5082031870432816,1.1515110373539077
-1.362485376291479,-0.695926821988933,-0.5166403906326746,-0.4399588412861576,0.26792927397676564,-0.09246573345869077,0.29346693097877335,0.5082031870432816,-0.10434404221977155
0.7151506952480162,0.10043086565205311,-0.5166403906326746,-0.7888128263033185,0.3309847113654001,-0.4448596712500362,0.29346693097877335,0.5082031870432816,1.1515110373539077
-1.362485376291479,-0.695926821988933,-0.5166403906326746,-0.08083923925682243,-0.4939223526538788,-0.517411364324725,0.29346693097877335,-2.0736733059253485,-0.10434404221977155
0.7151506952480162,-0.695926821988933,-0.5166403906326746,1.8873273327324367,-0.4939223526538788,1.1098194660647231,0.29346693097877335,0.5082031870432816,1.1515110373539077
-1.362485376291479,-0.29774797816843995,-0.5166403906326746,-0.4643839300392617,-0.4939223526538788,-0.8490762469518737,0.29346693097877335,0.5082031870432816,1.1515110373539077
-1.362485376291479,0.8967885532930392,-0.5166403906326746,-0.30208098520885246,0.07466845288952224,-0.3412143954290523,0.29346693097877335,0.5082031870432816,-0.10434404221977155
0.7151506952480162,0.8967885532930392,-0.5166403906326746,-0.18703527731379685,-0.4939223526538788,-0.2686627023543635,0.29346693097877335,-2.0736733059253485,-0.10434404221977155
0.7151506952480162,0.10043086565205311,-0.5166403906326746,-0.36101978633047327,-0.016229645164223573,0.34284442498944184,0.29346693097877335,0.5082031870432816,1.1515110373539077
0.7151506952480162,2.489503928575011,-0.5166403906326746,0.8287298267011635,-0.4939223526538788,1.1098194660647231,0.29346693097877335,0.5082031870432816,-0.10434404221977155
0.7151506952480162,-0.695926821988933,-0.5166403906326746,0.33208635538804643,1.7807138367811481,0.2288346215863595,-0.5983126518872917,-0.7827350594410336,-1.3601991217934508
0.7151506952480162,0.8967885532930392,-0.5166403906326746,-0.08083923925682243,-0.4939223526538788,-0.8387117193697753,0.29346693097877335,-2.0736733059253485,-0.10434404221977155
0.7151506952480162,2.489503928575011,-0.5166403906326746,0.043587118666599256,-0.4939223526538788,-0.25829817477226513,0.29346693097877335,0.5082031870432816,1.1515110373539077
0.7151506952480162,0.8967885532930392,-0.5166403906326746,-0.4833222234927555,-0.4939223526538788,-0.4863177815784298,0.29346693097877335,-2.0736733059253485,-0.10434404221977155
0.7151506952480162,-0.695926821988933,-0.5166403906326746,-0.29765615028981185,-0.4939223526538788,-0.4448596712500362,0.29346693097877335,0.5082031870432816,-0.10434404221977155
-1.362485376291479,-0.695926821988933,1.9355823085674853,0.33208635538804643,-0.4939223526538788,-0.3412143954290523,0.29346693097877335,0.5082031870432816,-1.3601991217934508
0.7151506952480162,-0.695926821988933,-0.5166403906326746,-0.5440309585819925,0.08968165226776856,-0.9838151055191529,0.29346693097877335,-0.3524223106129286,-1.3601991217934508
0.7151506952480162,0.10043086565205311,-0.5166403906326746,-0.6504039900357286,0.11534057484149861,-0.4759532539963314,0.29346693097877335,0.5082031870432816,-1.3601991217934508
0.7151506952480162,0.8967885532930392,1.9355823085674853,-0.38650683546414716,0.0028780631353626344,-0.7454309711308897,0.29346693097877335,0.5082031870432816,1.1515110373539077
0.7151506952480162,-0.695926821988933,-0.5166403906326746,-0.12508758844722845,0.14291026824518727,-0.2375691196080683,0.29346693097877335,0.5082031870432816,1.1515110373539077
